X,CH1,CH2,CH3,Start,Increment,
Sequence,Volt,Volt,Volt,-6.000000e-04,1.000000e-06
0,-3.60e+00,-4.80e-01,-1.24e+00,
1,-3.20e+00,-4.00e-01,-1.12e+00,
2,-3.60e+00,-4.00e-01,-1.24e+00,
3,-3.20e+00,-4.00e-01,-1.12e+00,
4,-3.60e+00,-4.00e-01,-1.16e+00,
5,-3.20e+00,-2.40e-01,-1.12e+00,
6,-3.20e+00,-3.20e-01,-1.16e+00,
7,-4.00e+00,-2.40e-01,-1.12e+00,
8,-3.60e+00,-3.20e-01,-1.16e+00,
9,-4.00e+00,-1.60e-01,-1.08e+00,
10,-4.00e+00,-1.60e-01,-1.16e+00,
11,-3.40e+00,-2.40e-01,-1.08e+00,
12,-3.40e+00,-2.40e-01,-1.12e+00,
13,-4.20e+00,-8.00e-02,-1.08e+00,
14,-3.60e+00,-1.60e-01,-1.12e+00,
15,-4.20e+00,-8.00e-02,-1.04e+00,
16,-4.20e+00,-1.60e-01,-1.04e+00,
17,-3.80e+00,0.00e+00,-1.12e+00,
18,-4.20e+00,0.00e+00,-1.04e+00,
19,-3.80e+00,-8.00e-02,-1.12e+00,
20,-4.20e+00,-8.00e-02,-1.08e+00,
21,-3.80e+00,1.60e-01,-1.00e+00,
22,-3.80e+00,8.00e-02,-1.08e+00,
23,-4.60e+00,1.60e-01,-1.00e+00,
24,-4.60e+00,8.00e-02,-1.00e+00,
25,-4.00e+00,2.40e-01,-1.08e+00,
26,-4.60e+00,1.60e-01,-1.04e+00,
27,-4.00e+00,2.40e-01,-1.00e+00,
28,-4.00e+00,1.60e-01,-1.04e+00,
29,-4.60e+00,3.20e-01,-9.60e-01,
30,-4.60e+00,3.20e-01,-9.60e-01,
31,-4.00e+00,2.40e-01,-1.00e+00,
32,-4.60e+00,2.40e-01,-1.00e+00,
33,-4.00e+00,4.00e-01,-9.20e-01,
34,-4.20e+00,3.20e-01,-8.80e-01,
35,-4.80e+00,4.00e-01,-1.00e+00,
36,-4.80e+00,3.20e-01,-9.20e-01,
37,-4.00e+00,4.80e-01,-8.40e-01,
38,-4.80e+00,4.80e-01,-9.20e-01,
39,-4.20e+00,4.00e-01,-8.40e-01,
40,-4.80e+00,4.00e-01,-8.80e-01,
41,-4.40e+00,6.40e-01,-8.00e-01,
42,-4.80e+00,5.60e-01,-8.80e-01,
43,-4.40e+00,6.40e-01,-8.00e-01,
44,-4.80e+00,5.60e-01,-8.40e-01,
45,-4.40e+00,7.20e-01,-7.60e-01,
46,-4.80e+00,5.60e-01,-8.40e-01,
47,-4.40e+00,7.20e-01,-7.60e-01,
48,-4.80e+00,6.40e-01,-8.00e-01,
49,-4.40e+00,7.20e-01,-7.20e-01,
50,-4.80e+00,8.00e-01,-7.20e-01,
51,-4.40e+00,6.40e-01,-8.00e-01,
52,-4.40e+00,8.00e-01,-7.60e-01,
53,-4.80e+00,7.20e-01,-6.40e-01,
54,-4.80e+00,7.20e-01,-7.20e-01,
55,-4.40e+00,8.80e-01,-6.40e-01,
56,-4.40e+00,8.80e-01,-6.80e-01,
57,-4.80e+00,8.00e-01,-6.00e-01,
58,-4.80e+00,8.00e-01,-6.40e-01,
59,-4.40e+00,9.60e-01,-6.00e-01,
60,-4.40e+00,9.60e-01,-6.40e-01,
61,-4.80e+00,8.80e-01,-5.60e-01,
62,-4.80e+00,9.60e-01,-6.00e-01,
63,-4.40e+00,8.80e-01,-5.20e-01,
64,-4.80e+00,8.80e-01,-6.00e-01,
65,-4.40e+00,1.12e+00,-5.20e-01,
66,-4.80e+00,1.12e+00,-5.60e-01,
67,-4.40e+00,1.04e+00,-4.80e-01,
68,-4.80e+00,1.04e+00,-5.20e-01,
69,-4.40e+00,1.20e+00,-4.40e-01,
70,-4.80e+00,1.20e+00,-4.00e-01,
71,-4.40e+00,1.04e+00,-5.20e-01,
72,-4.80e+00,1.12e+00,-4.40e-01,
73,-4.40e+00,1.20e+00,-3.60e-01,
74,-4.80e+00,1.12e+00,-4.40e-01,
75,-4.20e+00,1.28e+00,-3.60e-01,
76,-4.20e+00,1.28e+00,-4.00e-01,
77,-4.80e+00,1.12e+00,-3.20e-01,
78,-4.60e+00,1.28e+00,-3.60e-01,
79,-4.00e+00,1.20e+00,-2.80e-01,
80,-4.60e+00,1.20e+00,-3.20e-01,
81,-4.00e+00,1.36e+00,-2.80e-01,
82,-4.00e+00,1.36e+00,-3.20e-01,
83,-4.60e+00,1.20e+00,-2.40e-01,
84,-4.60e+00,1.36e+00,-2.80e-01,
85,-4.00e+00,1.28e+00,-1.60e-01,
86,-4.60e+00,1.36e+00,-2.00e-01,
87,-3.80e+00,1.28e+00,-1.20e-01,
88,-4.20e+00,1.28e+00,-2.00e-01,
89,-3.80e+00,1.44e+00,-1.20e-01,
90,-4.20e+00,1.44e+00,-1.60e-01,
91,-3.80e+00,1.36e+00,-8.00e-02,
92,-4.20e+00,1.44e+00,-1.20e-01,
93,-3.60e+00,1.36e+00,-4.00e-02,
94,-4.20e+00,1.44e+00,-1.20e-01,
95,-3.40e+00,1.36e+00,-4.00e-02,
96,-4.20e+00,1.36e+00,-8.00e-02,
97,-3.40e+00,1.60e+00,0.00e+00,
98,-3.40e+00,1.44e+00,-4.00e-02,
99,-4.00e+00,1.60e+00,8.00e-02,
100,-4.00e+00,1.52e+00,-4.00e-02,
101,-3.40e+00,1.60e+00,8.00e-02,
102,-4.00e+00,1.60e+00,4.00e-02,
103,-3.20e+00,1.52e+00,1.20e-01,
104,-3.60e+00,1.60e+00,8.00e-02,
105,-3.20e+00,1.52e+00,1.20e-01,
106,-3.60e+00,1.52e+00,1.60e-01,
107,-3.20e+00,1.60e+00,8.00e-02,
108,-3.60e+00,1.52e+00,1.20e-01,
109,-3.20e+00,1.68e+00,2.00e-01,
110,-3.60e+00,1.52e+00,1.60e-01,
111,-2.80e+00,1.68e+00,2.40e-01,
112,-2.80e+00,1.68e+00,2.40e-01,
113,-3.40e+00,1.52e+00,1.60e-01,
114,-3.40e+00,1.60e+00,2.00e-01,
115,-2.80e+00,1.68e+00,3.20e-01,
116,-3.20e+00,1.60e+00,2.80e-01,
117,-2.60e+00,1.68e+00,3.20e-01,
118,-2.60e+00,1.60e+00,2.80e-01,
119,-3.00e+00,1.68e+00,3.60e-01,
120,-3.00e+00,1.60e+00,3.20e-01,
121,-2.60e+00,1.68e+00,4.00e-01,
122,-2.80e+00,1.68e+00,4.00e-01,
123,-2.20e+00,1.60e+00,3.20e-01,
124,-2.40e+00,1.68e+00,3.60e-01,
125,-2.80e+00,1.60e+00,4.40e-01,
126,-2.80e+00,1.60e+00,4.00e-01,
127,-2.00e+00,1.68e+00,4.80e-01,
128,-2.40e+00,1.60e+00,4.40e-01,
129,-2.00e+00,1.68e+00,4.80e-01,
130,-2.40e+00,1.68e+00,5.60e-01,
131,-2.00e+00,1.60e+00,4.40e-01,
132,-2.40e+00,1.60e+00,5.20e-01,
133,-1.80e+00,1.68e+00,6.00e-01,
134,-1.60e+00,1.60e+00,5.20e-01,
135,-2.20e+00,1.68e+00,6.00e-01,
136,-2.20e+00,1.60e+00,5.60e-01,
137,-1.40e+00,1.68e+00,6.40e-01,
138,-1.80e+00,1.60e+00,5.60e-01,
139,-1.40e+00,1.68e+00,6.40e-01,
140,-1.80e+00,1.60e+00,6.00e-01,
141,-1.40e+00,1.68e+00,6.80e-01,
142,-1.20e+00,1.68e+00,6.80e-01,
143,-1.80e+00,1.52e+00,6.00e-01,
144,-1.00e+00,1.68e+00,6.40e-01,
145,-1.60e+00,1.52e+00,7.20e-01,
146,-1.40e+00,1.52e+00,7.20e-01,
147,-8.00e-01,1.68e+00,6.40e-01,
148,-1.20e+00,1.52e+00,6.80e-01,
149,-8.00e-01,1.60e+00,7.60e-01,
150,-1.20e+00,1.52e+00,6.80e-01,
151,-6.00e-01,1.60e+00,8.00e-01,
152,-6.00e-01,1.52e+00,7.60e-01,
153,-1.00e+00,1.60e+00,8.40e-01,
154,-1.00e+00,1.52e+00,7.60e-01,
155,-2.00e-01,1.60e+00,8.40e-01,
156,-6.00e-01,1.60e+00,8.00e-01,
157,-2.00e-01,1.36e+00,8.80e-01,
158,-6.00e-01,1.44e+00,8.00e-01,
159,-2.00e-01,1.36e+00,8.80e-01,
160,-4.00e-01,1.44e+00,8.40e-01,
161,0.00e+00,1.36e+00,8.80e-01,
162,-4.00e-01,1.44e+00,8.40e-01,
163,2.00e-01,1.36e+00,9.20e-01,
164,-4.00e-01,1.44e+00,9.20e-01,
165,4.00e-01,1.28e+00,8.40e-01,
166,0.00e+00,1.44e+00,8.80e-01,
167,4.00e-01,1.28e+00,9.20e-01,
168,0.00e+00,1.36e+00,8.80e-01,
169,6.00e-01,1.28e+00,9.60e-01,
170,6.00e-01,1.36e+00,8.80e-01,
171,2.00e-01,1.28e+00,9.60e-01,
172,2.00e-01,1.36e+00,9.60e-01,
173,1.00e+00,1.20e+00,9.20e-01,
174,1.00e+00,1.28e+00,1.04e+00,
175,6.00e-01,1.20e+00,9.20e-01,
176,4.00e-01,1.28e+00,9.20e-01,
177,1.20e+00,1.20e+00,1.04e+00,
178,1.20e+00,1.28e+00,1.00e+00,
179,8.00e-01,1.12e+00,1.04e+00,
180,8.00e-01,1.12e+00,1.00e+00,
181,1.20e+00,1.20e+00,1.04e+00,
182,8.00e-01,1.20e+00,1.00e+00,
183,1.60e+00,1.12e+00,1.08e+00,
184,1.20e+00,1.20e+00,1.08e+00,
185,1.60e+00,1.04e+00,1.00e+00,
186,1.20e+00,1.04e+00,1.08e+00,
187,1.80e+00,1.12e+00,1.00e+00,
188,1.40e+00,1.04e+00,1.04e+00,
189,1.80e+00,1.12e+00,1.08e+00,
190,1.80e+00,1.12e+00,1.04e+00,
191,1.40e+00,8.80e-01,1.08e+00,
192,1.60e+00,8.80e-01,1.04e+00,
193,2.20e+00,9.60e-01,1.08e+00,
194,2.20e+00,9.60e-01,1.04e+00,
195,1.60e+00,8.00e-01,1.12e+00,
196,1.80e+00,8.00e-01,1.04e+00,
197,2.40e+00,9.60e-01,1.12e+00,
198,2.40e+00,8.80e-01,1.04e+00,
199,1.60e+00,8.00e-01,1.12e+00,
200,2.00e+00,8.80e-01,1.04e+00,
201,2.60e+00,7.20e-01,1.12e+00,
202,2.00e+00,7.20e-01,1.04e+00,
203,2.80e+00,8.00e-01,1.12e+00,
204,2.80e+00,8.00e-01,1.04e+00,
205,2.20e+00,6.40e-01,1.12e+00,
206,2.40e+00,6.40e-01,1.04e+00,
207,2.80e+00,7.20e-01,1.12e+00,
208,2.40e+00,7.20e-01,1.04e+00,
209,3.00e+00,5.60e-01,1.12e+00,
210,2.60e+00,7.20e-01,1.04e+00,
211,3.00e+00,5.60e-01,1.12e+00,
212,2.60e+00,6.40e-01,1.04e+00,
213,3.40e+00,4.00e-01,1.12e+00,
214,2.60e+00,4.00e-01,1.04e+00,
215,3.40e+00,5.60e-01,1.12e+00,
216,3.00e+00,4.80e-01,1.04e+00,
217,3.40e+00,4.00e-01,1.08e+00,
218,3.00e+00,4.80e-01,1.04e+00,
219,3.60e+00,3.20e-01,1.08e+00,
220,3.60e+00,4.00e-01,1.04e+00,
221,3.20e+00,3.20e-01,1.08e+00,
222,3.20e+00,4.00e-01,1.08e+00,
223,3.60e+00,2.40e-01,1.04e+00,
224,3.20e+00,3.20e-01,1.08e+00,
225,4.00e+00,2.40e-01,1.00e+00,
226,4.00e+00,3.20e-01,1.00e+00,
227,3.20e+00,1.60e-01,1.04e+00,
228,3.40e+00,2.40e-01,1.00e+00,
229,4.00e+00,1.60e-01,1.04e+00,
230,4.00e+00,2.40e-01,1.04e+00,
231,3.40e+00,8.00e-02,9.60e-01,
232,3.60e+00,8.00e-02,1.04e+00,
233,4.20e+00,1.60e-01,9.20e-01,
234,3.60e+00,1.60e-01,9.20e-01,
235,4.20e+00,-8.00e-02,1.00e+00,
236,3.80e+00,-8.00e-02,9.60e-01,
237,4.20e+00,0.00e+00,9.20e-01,
238,3.80e+00,0.00e+00,9.60e-01,
239,4.20e+00,-1.60e-01,8.80e-01,
240,3.80e+00,-8.00e-02,9.60e-01,
241,4.40e+00,-1.60e-01,8.80e-01,
242,4.00e+00,-8.00e-02,8.80e-01,
243,4.60e+00,-2.40e-01,9.60e-01,
244,4.60e+00,-2.40e-01,9.20e-01,
245,4.00e+00,-1.60e-01,8.40e-01,
246,4.60e+00,-1.60e-01,8.40e-01,
247,4.00e+00,-3.20e-01,9.20e-01,
248,4.00e+00,-3.20e-01,8.40e-01,
249,4.60e+00,-2.40e-01,8.80e-01,
250,4.00e+00,-2.40e-01,8.80e-01,
251,4.80e+00,-4.00e-01,8.00e-01,
252,4.00e+00,-4.00e-01,8.00e-01,
253,4.80e+00,-4.00e-01,8.80e-01,
254,4.80e+00,-4.00e-01,8.40e-01,
255,4.00e+00,-5.60e-01,7.60e-01,
256,4.80e+00,-4.80e-01,7.60e-01,
257,4.20e+00,-5.60e-01,8.00e-01,
258,4.40e+00,-4.80e-01,8.00e-01,
259,4.80e+00,-6.40e-01,7.20e-01,
260,4.40e+00,-6.40e-01,7.60e-01,
261,4.80e+00,-5.60e-01,6.80e-01,
262,4.40e+00,-5.60e-01,7.20e-01,
263,4.80e+00,-7.20e-01,6.40e-01,
264,4.40e+00,-7.20e-01,7.20e-01,
265,4.80e+00,-5.60e-01,6.40e-01,
266,4.80e+00,-6.40e-01,6.80e-01,
267,4.40e+00,-8.00e-01,6.00e-01,
268,4.80e+00,-6.40e-01,6.80e-01,
269,4.40e+00,-8.00e-01,6.00e-01,
270,4.40e+00,-8.00e-01,6.40e-01,
271,4.80e+00,-7.20e-01,5.60e-01,
272,4.40e+00,-7.20e-01,5.60e-01,
273,4.80e+00,-9.60e-01,6.40e-01,
274,4.40e+00,-8.80e-01,6.00e-01,
275,4.80e+00,-9.60e-01,5.20e-01,
276,4.80e+00,-8.80e-01,5.20e-01,
277,4.40e+00,-1.04e+00,6.00e-01,
278,4.80e+00,-9.60e-01,5.60e-01,
279,4.40e+00,-1.04e+00,4.40e-01,
280,4.40e+00,-9.60e-01,4.80e-01,
281,4.80e+00,-1.04e+00,4.40e-01,
282,4.40e+00,-9.60e-01,4.00e-01,
283,4.80e+00,-1.12e+00,4.80e-01,
284,4.40e+00,-1.04e+00,4.40e-01,
285,4.80e+00,-1.12e+00,3.60e-01,
286,4.80e+00,-1.04e+00,4.40e-01,
287,4.20e+00,-1.20e+00,3.60e-01,
288,4.80e+00,-1.20e+00,4.00e-01,
289,4.20e+00,-1.12e+00,3.20e-01,
290,4.80e+00,-1.20e+00,3.60e-01,
291,4.00e+00,-1.12e+00,2.80e-01,
292,4.00e+00,-1.12e+00,2.80e-01,
293,4.80e+00,-1.28e+00,3.20e-01,
294,4.60e+00,-1.28e+00,2.80e-01,
295,4.00e+00,-1.20e+00,2.00e-01,
296,4.00e+00,-1.28e+00,2.40e-01,
297,4.60e+00,-1.20e+00,1.60e-01,
298,4.60e+00,-1.20e+00,2.40e-01,
299,4.00e+00,-1.44e+00,1.60e-01,
300,4.60e+00,-1.36e+00,2.00e-01,
301,4.00e+00,-1.44e+00,1.20e-01,
302,4.60e+00,-1.36e+00,1.60e-01,
303,3.80e+00,-1.44e+00,8.00e-02,
304,4.20e+00,-1.36e+00,8.00e-02,
305,3.80e+00,-1.52e+00,1.60e-01,
306,3.80e+00,-1.52e+00,1.20e-01,
307,4.20e+00,-1.36e+00,4.00e-02,
308,4.20e+00,-1.52e+00,8.00e-02,
309,3.80e+00,-1.44e+00,-4.00e-02,
310,4.20e+00,-1.44e+00,4.00e-02,
311,3.60e+00,-1.52e+00,-4.00e-02,
312,4.20e+00,-1.44e+00,0.00e+00,
313,3.60e+00,-1.60e+00,-8.00e-02,
314,4.20e+00,-1.44e+00,-4.00e-02,
315,3.60e+00,-1.60e+00,-1.20e-01,
316,3.60e+00,-1.60e+00,-4.00e-02,
317,4.00e+00,-1.52e+00,-1.60e-01,
318,4.00e+00,-1.52e+00,-8.00e-02,
319,3.20e+00,-1.60e+00,-1.60e-01,
320,3.80e+00,-1.60e+00,-1.20e-01,
321,3.20e+00,-1.52e+00,-2.00e-01,
322,3.60e+00,-1.52e+00,-2.00e-01,
323,3.20e+00,-1.68e+00,-1.60e-01,
324,3.60e+00,-1.68e+00,-2.80e-01,
325,3.20e+00,-1.52e+00,-2.00e-01,
326,3.60e+00,-1.68e+00,-2.40e-01,
327,3.00e+00,-1.60e+00,-3.20e-01,
328,3.40e+00,-1.60e+00,-2.80e-01,
329,2.80e+00,-1.68e+00,-3.60e-01,
330,2.80e+00,-1.68e+00,-2.80e-01,
331,3.40e+00,-1.60e+00,-3.60e-01,
332,3.40e+00,-1.68e+00,-3.20e-01,
333,2.60e+00,-1.60e+00,-4.00e-01,
334,3.00e+00,-1.68e+00,-4.00e-01,
335,2.60e+00,-1.60e+00,-3.60e-01,
336,3.00e+00,-1.68e+00,-3.60e-01,
337,2.60e+00,-1.60e+00,-4.40e-01,
338,2.60e+00,-1.60e+00,-4.00e-01,
339,3.00e+00,-1.68e+00,-4.80e-01,
340,3.00e+00,-1.68e+00,-4.40e-01,
341,2.20e+00,-1.60e+00,-5.20e-01,
342,3.00e+00,-1.68e+00,-4.80e-01,
343,2.00e+00,-1.60e+00,-5.60e-01,
344,2.80e+00,-1.68e+00,-6.00e-01,
345,2.00e+00,-1.60e+00,-4.80e-01,
346,2.00e+00,-1.76e+00,-6.00e-01,
347,2.40e+00,-1.60e+00,-5.20e-01,
348,2.00e+00,-1.60e+00,-5.60e-01,
349,2.40e+00,-1.76e+00,-6.40e-01,
350,2.40e+00,-1.68e+00,-6.40e-01,
351,1.60e+00,-1.60e+00,-5.60e-01,
352,2.20e+00,-1.68e+00,-6.00e-01,
353,1.60e+00,-1.60e+00,-6.80e-01,
354,1.40e+00,-1.60e+00,-6.40e-01,
355,2.20e+00,-1.68e+00,-7.60e-01,
356,1.80e+00,-1.68e+00,-6.40e-01,
357,1.40e+00,-1.60e+00,-7.60e-01,
358,1.80e+00,-1.60e+00,-7.20e-01,
359,1.20e+00,-1.68e+00,-8.00e-01,
360,1.20e+00,-1.68e+00,-7.20e-01,
361,1.60e+00,-1.60e+00,-8.00e-01,
362,1.20e+00,-1.68e+00,-7.60e-01,
363,1.60e+00,-1.60e+00,-8.40e-01,
364,1.60e+00,-1.60e+00,-8.40e-01,
365,8.00e-01,-1.68e+00,-7.60e-01,
366,1.20e+00,-1.68e+00,-8.00e-01,
367,8.00e-01,-1.52e+00,-8.80e-01,
368,1.20e+00,-1.52e+00,-8.80e-01,
369,6.00e-01,-1.68e+00,-8.00e-01,
370,1.00e+00,-1.52e+00,-8.40e-01,
371,6.00e-01,-1.60e+00,-9.20e-01,
372,1.00e+00,-1.60e+00,-9.20e-01,
373,4.00e-01,-1.52e+00,-8.40e-01,
374,2.00e-01,-1.60e+00,-8.80e-01,
375,1.00e+00,-1.52e+00,-1.00e+00,
376,2.00e-01,-1.60e+00,-1.00e+00,
377,6.00e-01,-1.44e+00,-8.80e-01,
378,6.00e-01,-1.44e+00,-1.00e+00,
379,0.00e+00,-1.60e+00,-9.60e-01,
380,0.00e+00,-1.44e+00,-9.60e-01,
381,4.00e-01,-1.52e+00,-1.04e+00,
382,4.00e-01,-1.52e+00,-1.04e+00,
383,-4.00e-01,-1.44e+00,-9.60e-01,
384,-4.00e-01,-1.52e+00,-1.00e+00,
385,0.00e+00,-1.36e+00,-1.08e+00,
386,0.00e+00,-1.52e+00,-1.00e+00,
387,-6.00e-01,-1.36e+00,-1.08e+00,
388,-6.00e-01,-1.36e+00,-1.00e+00,
389,-2.00e-01,-1.44e+00,-1.08e+00,
390,-2.00e-01,-1.36e+00,-1.08e+00,
391,-1.00e+00,-1.44e+00,-1.04e+00,
392,-1.00e+00,-1.28e+00,-1.12e+00,
393,-4.00e-01,-1.44e+00,-1.04e+00,
394,-6.00e-01,-1.20e+00,-1.12e+00,
395,-1.20e+00,-1.28e+00,-1.04e+00,
396,-1.20e+00,-1.28e+00,-1.12e+00,
397,-6.00e-01,-1.20e+00,-1.08e+00,
398,-1.20e+00,-1.28e+00,-1.08e+00,
399,-8.00e-01,-1.12e+00,-1.16e+00,
400,-1.00e+00,-1.20e+00,-1.16e+00,
401,-1.60e+00,-1.12e+00,-1.08e+00,
402,-1.20e+00,-1.20e+00,-1.12e+00,
403,-1.60e+00,-1.12e+00,-1.16e+00,
404,-1.00e+00,-1.20e+00,-1.16e+00,
405,-1.80e+00,-1.04e+00,-1.12e+00,
406,-1.80e+00,-1.12e+00,-1.16e+00,
407,-1.20e+00,-1.04e+00,-1.12e+00,
408,-1.80e+00,-1.12e+00,-1.16e+00,
409,-1.40e+00,-9.60e-01,-1.16e+00,
410,-1.60e+00,-9.60e-01,-1.12e+00,
411,-2.20e+00,-1.12e+00,-1.20e+00,
412,-2.20e+00,-9.60e-01,-1.12e+00,
413,-1.60e+00,-1.04e+00,-1.24e+00,
414,-1.80e+00,-1.04e+00,-1.24e+00,
415,-2.40e+00,-8.80e-01,-1.12e+00,
416,-2.40e+00,-8.80e-01,-1.24e+00,
417,-2.00e+00,-9.60e-01,-1.12e+00,
418,-2.40e+00,-9.60e-01,-1.24e+00,
419,-2.00e+00,-7.20e-01,-1.12e+00,
420,-2.80e+00,-8.00e-01,-1.24e+00,
421,-2.20e+00,-7.20e-01,-1.12e+00,
422,-2.80e+00,-8.00e-01,-1.20e+00,
423,-2.40e+00,-6.40e-01,-1.24e+00,
424,-2.80e+00,-8.00e-01,-1.24e+00,
425,-2.20e+00,-6.40e-01,-1.12e+00,
426,-2.60e+00,-7.20e-01,-1.12e+00,
427,-3.00e+00,-5.60e-01,-1.24e+00,
428,-3.00e+00,-7.20e-01,-1.24e+00,
429,-2.60e+00,-5.60e-01,-1.16e+00,
430,-2.60e+00,-5.60e-01,-1.24e+00,
431,-3.20e+00,-6.40e-01,-1.12e+00,
432,-3.40e+00,-6.40e-01,-1.24e+00,
433,-2.80e+00,-4.80e-01,-1.12e+00,
434,-3.00e+00,-5.60e-01,-1.12e+00,
435,-3.40e+00,-4.80e-01,-1.24e+00,
436,-3.00e+00,-5.60e-01,-1.16e+00,
437,-3.60e+00,-4.00e-01,-1.24e+00,
438,-3.60e+00,-4.00e-01,-1.16e+00,
439,-3.20e+00,-4.80e-01,-1.12e+00,
440,-3.60e+00,-4.00e-01,-1.16e+00,
441,-3.20e+00,-2.40e-01,-1.12e+00,
442,-3.20e+00,-3.20e-01,-1.16e+00,
443,-4.00e+00,-2.40e-01,-1.08e+00,
444,-4.00e+00,-3.20e-01,-1.16e+00,
445,-3.40e+00,-1.60e-01,-1.08e+00,
446,-4.00e+00,-1.60e-01,-1.08e+00,
447,-3.40e+00,-2.40e-01,-1.16e+00,
448,-4.00e+00,-2.40e-01,-1.12e+00,
449,-3.40e+00,-8.00e-02,-1.08e+00,
450,-3.60e+00,-8.00e-02,-1.12e+00,
451,-4.20e+00,-1.60e-01,-1.08e+00,
452,-4.20e+00,-1.60e-01,-1.12e+00,
453,-3.80e+00,0.00e+00,-1.04e+00,
454,-4.20e+00,0.00e+00,-1.08e+00,
455,-3.80e+00,-8.00e-02,-1.04e+00,
456,-4.20e+00,-8.00e-02,-1.04e+00,
457,-3.80e+00,8.00e-02,-1.08e+00,
458,-3.80e+00,8.00e-02,-1.08e+00,
459,-4.40e+00,1.60e-01,-1.00e+00,
460,-4.00e+00,8.00e-02,-1.00e+00,
461,-4.60e+00,2.40e-01,-1.08e+00,
462,-4.60e+00,2.40e-01,-1.04e+00,
463,-4.00e+00,1.60e-01,-9.60e-01,
464,-4.60e+00,1.60e-01,-1.04e+00,
465,-4.00e+00,3.20e-01,-9.60e-01,
466,-4.60e+00,2.40e-01,-9.60e-01,
467,-4.00e+00,3.20e-01,-1.00e+00,
468,-4.00e+00,2.40e-01,-1.00e+00,
469,-4.80e+00,4.00e-01,-8.80e-01,
470,-4.20e+00,4.00e-01,-1.00e+00,
471,-4.80e+00,3.20e-01,-8.80e-01,
472,-4.80e+00,3.20e-01,-9.20e-01,
473,-4.20e+00,4.80e-01,-8.80e-01,
474,-4.80e+00,3.20e-01,-9.20e-01,
475,-4.40e+00,4.80e-01,-8.40e-01,
476,-4.80e+00,4.00e-01,-8.80e-01,
477,-4.40e+00,5.60e-01,-8.00e-01,
478,-4.80e+00,4.00e-01,-8.00e-01,
479,-4.40e+00,6.40e-01,-8.80e-01,
480,-4.40e+00,5.60e-01,-8.40e-01,
481,-4.80e+00,7.20e-01,-8.00e-01,
482,-4.80e+00,5.60e-01,-8.40e-01,
483,-4.40e+00,7.20e-01,-7.60e-01,
484,-4.80e+00,6.40e-01,-7.60e-01,
485,-4.40e+00,7.20e-01,-8.00e-01,
486,-4.80e+00,6.40e-01,-8.00e-01,
487,-4.40e+00,8.00e-01,-7.20e-01,
488,-4.80e+00,8.00e-01,-8.00e-01,
489,-4.40e+00,7.20e-01,-6.80e-01,
490,-4.80e+00,7.20e-01,-7.60e-01,
491,-4.40e+00,8.80e-01,-6.40e-01,
492,-4.40e+00,7.20e-01,-6.80e-01,
493,-4.80e+00,8.80e-01,-6.00e-01,
494,-4.40e+00,8.80e-01,-6.80e-01,
495,-4.80e+00,8.00e-01,-6.00e-01,
496,-4.80e+00,8.00e-01,-6.40e-01,
497,-4.40e+00,9.60e-01,-5.60e-01,
498,-4.40e+00,9.60e-01,-6.40e-01,
499,-4.80e+00,8.80e-01,-5.60e-01,
500,-4.80e+00,1.04e+00,-6.00e-01,
501,-4.40e+00,8.80e-01,-5.20e-01,
502,-4.80e+00,1.04e+00,-5.60e-01,
503,-4.40e+00,1.12e+00,-4.80e-01,
504,-4.80e+00,1.04e+00,-5.60e-01,
505,-4.40e+00,1.12e+00,-4.80e-01,
506,-4.80e+00,1.04e+00,-5.20e-01,
507,-4.20e+00,1.20e+00,-4.00e-01,
508,-4.80e+00,1.12e+00,-4.40e-01,
509,-4.20e+00,1.20e+00,-3.60e-01,
510,-4.80e+00,1.20e+00,-4.40e-01,
511,-4.00e+00,1.12e+00,-3.60e-01,
512,-4.60e+00,1.12e+00,-4.00e-01,
513,-4.00e+00,1.28e+00,-3.20e-01,
514,-4.20e+00,1.20e+00,-3.60e-01,
515,-4.60e+00,1.28e+00,-2.80e-01,
516,-4.60e+00,1.28e+00,-3.60e-01,
517,-4.00e+00,1.20e+00,-2.80e-01,
518,-4.60e+00,1.20e+00,-3.20e-01,
519,-4.00e+00,1.36e+00,-2.40e-01,
520,-4.60e+00,1.36e+00,-2.80e-01,
521,-4.00e+00,1.28e+00,-1.60e-01,
522,-4.60e+00,1.36e+00,-2.80e-01,
523,-3.80e+00,1.28e+00,-1.60e-01,
524,-4.20e+00,1.28e+00,-2.00e-01,
525,-3.80e+00,1.44e+00,-1.20e-01,
526,-3.80e+00,1.28e+00,-1.60e-01,
527,-4.20e+00,1.44e+00,-8.00e-02,
528,-4.20e+00,1.44e+00,-1.60e-01,
529,-3.60e+00,1.36e+00,-8.00e-02,
530,-4.20e+00,1.44e+00,-1.20e-01,
531,-3.60e+00,1.36e+00,-4.00e-02,
532,-4.20e+00,1.44e+00,-8.00e-02,
533,-3.40e+00,1.60e+00,0.00e+00,
534,-3.60e+00,1.44e+00,0.00e+00,
535,-4.00e+00,1.60e+00,-4.00e-02,
536,-4.00e+00,1.60e+00,-4.00e-02,
537,-3.40e+00,1.52e+00,8.00e-02,
538,-4.00e+00,1.60e+00,4.00e-02,
539,-3.20e+00,1.52e+00,1.20e-01,
540,-3.20e+00,1.52e+00,4.00e-02,
541,-3.60e+00,1.60e+00,1.60e-01,
542,-3.60e+00,1.52e+00,8.00e-02,
543,-3.20e+00,1.60e+00,1.60e-01,
544,-3.60e+00,1.52e+00,1.20e-01,
545,-3.00e+00,1.68e+00,2.00e-01,
546,-3.60e+00,1.52e+00,2.00e-01,
547,-2.80e+00,1.68e+00,1.20e-01,
548,-3.00e+00,1.52e+00,1.60e-01,
549,-3.40e+00,1.68e+00,2.40e-01,
550,-2.80e+00,1.60e+00,2.00e-01,
551,-3.40e+00,1.68e+00,2.80e-01,
552,-2.60e+00,1.68e+00,2.40e-01,
553,-3.20e+00,1.60e+00,3.20e-01,
554,-3.00e+00,1.60e+00,2.80e-01,
555,-2.60e+00,1.68e+00,3.60e-01,
556,-3.00e+00,1.68e+00,3.20e-01,
557,-2.40e+00,1.60e+00,4.00e-01,
558,-2.80e+00,1.68e+00,3.60e-01,
559,-2.20e+00,1.60e+00,4.00e-01,
560,-2.80e+00,1.68e+00,3.60e-01,
561,-2.20e+00,1.60e+00,4.40e-01,
562,-2.80e+00,1.68e+00,3.60e-01,
563,-2.00e+00,1.60e+00,4.80e-01,
564,-2.40e+00,1.60e+00,4.80e-01,
565,-2.00e+00,1.68e+00,4.00e-01,
566,-2.40e+00,1.60e+00,4.40e-01,
567,-2.00e+00,1.68e+00,5.20e-01,
568,-2.40e+00,1.68e+00,4.80e-01,
569,-1.60e+00,1.60e+00,5.60e-01,
570,-2.20e+00,1.60e+00,5.20e-01,
571,-1.60e+00,1.68e+00,6.00e-01,
572,-2.20e+00,1.60e+00,5.60e-01,
573,-1.60e+00,1.68e+00,6.00e-01,
574,-1.40e+00,1.68e+00,5.60e-01,
575,-2.00e+00,1.60e+00,6.40e-01,
576,-1.80e+00,1.68e+00,6.00e-01,
577,-1.20e+00,1.60e+00,6.80e-01,
578,-1.80e+00,1.68e+00,6.80e-01,
579,-1.20e+00,1.52e+00,6.00e-01,
580,-1.60e+00,1.68e+00,6.40e-01,
581,-1.20e+00,1.52e+00,7.20e-01,
582,-1.60e+00,1.52e+00,7.20e-01,
583,-8.00e-01,1.60e+00,6.40e-01,
584,-1.20e+00,1.52e+00,7.20e-01,
585,-8.00e-01,1.60e+00,6.80e-01,
586,-1.20e+00,1.52e+00,6.80e-01,
587,-6.00e-01,1.60e+00,8.00e-01,
588,-6.00e-01,1.52e+00,7.60e-01,
589,-1.00e+00,1.60e+00,8.40e-01,
590,-1.00e+00,1.52e+00,7.60e-01,
591,-2.00e-01,1.60e+00,8.40e-01,
592,-2.00e-01,1.60e+00,8.00e-01,
593,-8.00e-01,1.44e+00,8.40e-01,
594,-6.00e-01,1.44e+00,8.00e-01,
595,-2.00e-01,1.60e+00,8.80e-01,
596,0.00e+00,1.44e+00,8.40e-01,
597,-6.00e-01,1.44e+00,8.80e-01,
598,-4.00e-01,1.44e+00,8.40e-01,
599,0.00e+00,1.36e+00,9.20e-01,
600,-4.00e-01,1.44e+00,8.40e-01,
601,4.00e-01,1.28e+00,9.20e-01,
602,0.00e+00,1.44e+00,9.20e-01,
603,4.00e-01,1.28e+00,8.80e-01,
604,0.00e+00,1.36e+00,8.80e-01,
605,6.00e-01,1.28e+00,9.60e-01,
606,6.00e-01,1.36e+00,9.60e-01,
607,2.00e-01,1.28e+00,8.80e-01,
608,2.00e-01,1.36e+00,9.60e-01,
609,8.00e-01,1.20e+00,9.20e-01,
610,4.00e-01,1.20e+00,9.20e-01,
611,1.00e+00,1.36e+00,1.04e+00,
612,4.00e-01,1.28e+00,9.20e-01,
613,1.20e+00,1.20e+00,1.04e+00,
614,6.00e-01,1.28e+00,1.00e+00,
615,1.20e+00,1.20e+00,1.04e+00,
616,8.00e-01,1.28e+00,1.00e+00,
617,1.20e+00,1.12e+00,1.04e+00,
618,1.00e+00,1.12e+00,1.00e+00,
619,1.60e+00,1.20e+00,1.08e+00,
620,1.60e+00,1.20e+00,1.00e+00,
621,1.20e+00,1.04e+00,1.08e+00,
622,1.00e+00,1.04e+00,1.08e+00,
623,1.80e+00,1.20e+00,1.00e+00,
624,1.40e+00,1.04e+00,1.00e+00,
625,1.80e+00,1.12e+00,1.08e+00,
626,1.80e+00,1.12e+00,1.04e+00,
627,1.40e+00,9.60e-01,1.08e+00,
628,2.20e+00,9.60e-01,1.08e+00,
629,1.60e+00,8.80e-01,1.04e+00,
630,2.20e+00,9.60e-01,1.04e+00,
631,1.60e+00,8.80e-01,1.12e+00,
632,1.60e+00,9.60e-01,1.04e+00,
633,2.40e+00,8.00e-01,1.12e+00,
634,2.00e+00,8.80e-01,1.04e+00,
635,2.40e+00,8.00e-01,1.12e+00,
636,2.40e+00,8.80e-01,1.12e+00,
637,2.00e+00,7.20e-01,1.04e+00,
638,2.00e+00,8.00e-01,1.12e+00,
639,2.80e+00,7.20e-01,1.04e+00,
640,2.40e+00,8.00e-01,1.04e+00,
641,2.80e+00,6.40e-01,1.12e+00,
642,2.20e+00,6.40e-01,1.04e+00,
643,3.00e+00,8.00e-01,1.12e+00,
644,2.40e+00,7.20e-01,1.12e+00,
645,3.00e+00,5.60e-01,1.04e+00,
646,2.60e+00,5.60e-01,1.12e+00,
647,3.00e+00,7.20e-01,1.04e+00,
648,2.60e+00,6.40e-01,1.04e+00,
649,3.40e+00,5.60e-01,1.12e+00,
650,3.40e+00,6.40e-01,1.04e+00,
651,2.80e+00,4.00e-01,1.12e+00,
652,3.40e+00,4.80e-01,1.04e+00,
653,2.80e+00,4.00e-01,1.08e+00,
654,2.80e+00,4.80e-01,1.04e+00,
655,3.60e+00,3.20e-01,1.08e+00,
656,3.20e+00,4.00e-01,1.04e+00,
657,3.60e+00,3.20e-01,1.08e+00,
658,3.60e+00,4.00e-01,1.04e+00,
659,3.20e+00,2.40e-01,1.08e+00,
660,3.20e+00,3.20e-01,1.08e+00,
661,3.80e+00,2.40e-01,1.04e+00,
662,3.20e+00,3.20e-01,1.00e+00,
663,4.00e+00,1.60e-01,1.08e+00,
664,4.00e+00,1.60e-01,1.00e+00,
665,3.40e+00,2.40e-01,1.04e+00,
666,4.00e+00,2.40e-01,1.00e+00,
667,3.40e+00,8.00e-02,1.04e+00,
668,3.60e+00,8.00e-02,1.04e+00,
669,4.20e+00,1.60e-01,9.60e-01,
670,3.80e+00,1.60e-01,1.04e+00,
671,4.20e+00,-8.00e-02,9.20e-01,
672,4.20e+00,8.00e-02,9.60e-01,
673,3.80e+00,-8.00e-02,9.20e-01,
674,3.80e+00,0.00e+00,9.60e-01,
675,4.20e+00,-1.60e-01,8.80e-01,
676,3.80e+00,-8.00e-02,9.60e-01,
677,4.20e+00,-1.60e-01,8.80e-01,
678,4.60e+00,-8.00e-02,9.60e-01,
679,3.80e+00,-2.40e-01,8.80e-01,
680,4.60e+00,-8.00e-02,9.20e-01,
681,4.00e+00,-2.40e-01,8.80e-01,
682,4.60e+00,-1.60e-01,9.20e-01,
683,4.00e+00,-3.20e-01,8.40e-01,
684,4.60e+00,-3.20e-01,8.80e-01,
685,4.00e+00,-1.60e-01,8.40e-01,
686,4.60e+00,-2.40e-01,8.80e-01,
687,4.00e+00,-4.00e-01,8.00e-01,
688,4.20e+00,-4.00e-01,8.00e-01,
689,4.80e+00,-4.00e-01,8.80e-01,
690,4.80e+00,-4.00e-01,8.40e-01,
691,4.20e+00,-5.60e-01,7.60e-01,
692,4.80e+00,-5.60e-01,7.60e-01,
693,4.20e+00,-4.00e-01,8.40e-01,
694,4.80e+00,-4.80e-01,7.60e-01,
695,4.40e+00,-5.60e-01,8.00e-01,
696,4.80e+00,-4.80e-01,7.60e-01,
697,4.40e+00,-6.40e-01,6.80e-01,
698,4.40e+00,-6.40e-01,7.20e-01,
699,4.80e+00,-5.60e-01,6.80e-01,
700,4.80e+00,-5.60e-01,7.20e-01,
701,4.40e+00,-7.20e-01,6.40e-01,
702,4.40e+00,-6.40e-01,6.40e-01,
703,4.80e+00,-7.20e-01,6.80e-01,
704,4.80e+00,-6.40e-01,6.80e-01,
705,4.40e+00,-8.00e-01,6.00e-01,
706,4.40e+00,-8.00e-01,6.40e-01,
707,4.80e+00,-7.20e-01,5.60e-01,
708,4.80e+00,-7.20e-01,5.60e-01,
709,4.40e+00,-8.80e-01,6.40e-01,
710,4.40e+00,-8.80e-01,6.00e-01,
711,4.80e+00,-9.60e-01,5.20e-01,
712,4.80e+00,-8.80e-01,6.00e-01,
713,4.40e+00,-9.60e-01,5.20e-01,
714,4.40e+00,-8.80e-01,5.60e-01,
715,4.80e+00,-1.04e+00,4.40e-01,
716,4.40e+00,-9.60e-01,4.80e-01,
717,4.80e+00,-1.04e+00,4.40e-01,
718,4.40e+00,-9.60e-01,4.00e-01,
719,4.80e+00,-1.12e+00,4.80e-01,
720,4.40e+00,-1.04e+00,4.40e-01,
721,4.80e+00,-1.12e+00,3.60e-01,
722,4.80e+00,-1.04e+00,4.00e-01,
723,4.40e+00,-1.20e+00,3.60e-01,
724,4.80e+00,-1.04e+00,4.00e-01,
725,4.20e+00,-1.20e+00,3.20e-01,
726,4.80e+00,-1.12e+00,3.60e-01,
727,4.20e+00,-1.20e+00,2.80e-01,
728,4.20e+00,-1.12e+00,2.80e-01,
729,4.80e+00,-1.28e+00,3.60e-01,
730,4.80e+00,-1.20e+00,2.80e-01,
731,4.00e+00,-1.28e+00,2.00e-01,
732,4.20e+00,-1.28e+00,3.20e-01,
733,4.60e+00,-1.20e+00,1.60e-01,
734,4.60e+00,-1.20e+00,2.40e-01,
735,4.00e+00,-1.36e+00,1.60e-01,
736,4.60e+00,-1.20e+00,2.00e-01,
737,4.00e+00,-1.44e+00,1.20e-01,
738,4.60e+00,-1.44e+00,2.00e-01,
739,4.00e+00,-1.36e+00,1.20e-01,
740,4.60e+00,-1.36e+00,1.60e-01,
741,3.80e+00,-1.44e+00,8.00e-02,
742,3.80e+00,-1.36e+00,1.20e-01,
743,4.20e+00,-1.52e+00,4.00e-02,
744,3.80e+00,-1.52e+00,1.20e-01,
745,4.20e+00,-1.44e+00,0.00e+00,
746,4.20e+00,-1.44e+00,8.00e-02,
747,3.80e+00,-1.52e+00,-4.00e-02,
748,4.20e+00,-1.44e+00,0.00e+00,
749,3.60e+00,-1.52e+00,-8.00e-02,
750,4.20e+00,-1.44e+00,-4.00e-02,
751,3.40e+00,-1.60e+00,-1.20e-01,
752,3.40e+00,-1.60e+00,-1.20e-01,
753,4.00e+00,-1.52e+00,-4.00e-02,
754,3.60e+00,-1.60e+00,-8.00e-02,
755,4.00e+00,-1.52e+00,-1.60e-01,
756,4.00e+00,-1.60e+00,-1.20e-01,
757,3.20e+00,-1.52e+00,-2.00e-01,
758,3.20e+00,-1.60e+00,-2.00e-01,
759,4.00e+00,-1.52e+00,-1.20e-01,
760,3.20e+00,-1.52e+00,-2.00e-01,
761,3.60e+00,-1.68e+00,-2.80e-01,
762,3.20e+00,-1.68e+00,-2.40e-01,
763,3.60e+00,-1.52e+00,-3.20e-01,
764,3.60e+00,-1.68e+00,-2.40e-01,
765,3.00e+00,-1.60e+00,-3.20e-01,
766,3.40e+00,-1.68e+00,-2.80e-01,
767,2.80e+00,-1.60e+00,-3.60e-01,
768,3.40e+00,-1.60e+00,-2.80e-01,
769,2.80e+00,-1.68e+00,-4.00e-01,
770,3.40e+00,-1.68e+00,-3.20e-01,
771,2.60e+00,-1.60e+00,-4.00e-01,
772,2.60e+00,-1.60e+00,-3.60e-01,
773,3.40e+00,-1.68e+00,-4.40e-01,
774,3.00e+00,-1.60e+00,-4.40e-01,
775,2.60e+00,-1.68e+00,-4.00e-01,
776,3.00e+00,-1.68e+00,-4.00e-01,
777,2.40e+00,-1.60e+00,-5.20e-01,
778,2.20e+00,-1.68e+00,-4.80e-01,
779,2.80e+00,-1.60e+00,-5.60e-01,
780,2.80e+00,-1.68e+00,-4.80e-01,
781,2.00e+00,-1.60e+00,-5.60e-01,
782,2.60e+00,-1.60e+00,-5.20e-01,
783,2.00e+00,-1.76e+00,-6.00e-01,
784,2.00e+00,-1.76e+00,-5.60e-01,
785,2.40e+00,-1.60e+00,-6.00e-01,
786,2.40e+00,-1.68e+00,-5.60e-01,
787,1.80e+00,-1.60e+00,-6.40e-01,
788,1.80e+00,-1.68e+00,-6.00e-01,
789,2.20e+00,-1.60e+00,-6.80e-01,
790,2.20e+00,-1.68e+00,-6.80e-01,
791,1.60e+00,-1.60e+00,-6.00e-01,
792,2.20e+00,-1.60e+00,-6.40e-01,
793,1.40e+00,-1.68e+00,-7.60e-01,
794,1.80e+00,-1.68e+00,-7.20e-01,
795,1.40e+00,-1.60e+00,-8.00e-01,
796,1.80e+00,-1.68e+00,-7.20e-01,
797,1.20e+00,-1.60e+00,-8.00e-01,
798,1.60e+00,-1.60e+00,-7.60e-01,
799,1.00e+00,-1.68e+00,-8.40e-01,
800,1.60e+00,-1.68e+00,-7.60e-01,
801,1.00e+00,-1.60e+00,-8.40e-01,
802,1.20e+00,-1.68e+00,-8.00e-01,
803,8.00e-01,-1.52e+00,-8.80e-01,
804,1.20e+00,-1.52e+00,-8.80e-01,
805,6.00e-01,-1.68e+00,-8.00e-01,
806,1.20e+00,-1.60e+00,-8.40e-01,
807,6.00e-01,-1.52e+00,-9.20e-01,
808,1.00e+00,-1.60e+00,-9.20e-01,
809,6.00e-01,-1.52e+00,-8.40e-01,
810,1.00e+00,-1.52e+00,-9.20e-01,
811,2.00e-01,-1.60e+00,-8.80e-01,
812,2.00e-01,-1.60e+00,-8.80e-01,
813,6.00e-01,-1.44e+00,-1.00e+00,
814,6.00e-01,-1.44e+00,-1.00e+00,
815,0.00e+00,-1.60e+00,-9.20e-01,
816,0.00e+00,-1.44e+00,-9.60e-01,
817,4.00e-01,-1.52e+00,-1.04e+00,
818,4.00e-01,-1.44e+00,-9.60e-01,
819,-4.00e-01,-1.52e+00,-1.04e+00,
820,4.00e-01,-1.44e+00,-1.00e+00,
821,-4.00e-01,-1.52e+00,-1.04e+00,
822,-4.00e-01,-1.52e+00,-1.00e+00,
823,0.00e+00,-1.36e+00,-1.08e+00,
824,-2.00e-01,-1.44e+00,-1.08e+00,
825,-6.00e-01,-1.36e+00,-1.00e+00,
826,-6.00e-01,-1.36e+00,-1.04e+00,
827,-2.00e-01,-1.44e+00,-1.08e+00,
828,-2.00e-01,-1.44e+00,-1.04e+00,
829,-1.00e+00,-1.20e+00,-1.12e+00,
830,-6.00e-01,-1.36e+00,-1.04e+00,
831,-1.20e+00,-1.20e+00,-1.12e+00,
832,-1.20e+00,-1.28e+00,-1.12e+00,
833,-6.00e-01,-1.20e+00,-1.08e+00,
834,-1.20e+00,-1.28e+00,-1.08e+00,
835,-8.00e-01,-1.12e+00,-1.16e+00,
836,-1.00e+00,-1.28e+00,-1.16e+00,
837,-1.60e+00,-1.12e+00,-1.08e+00,
838,-1.20e+00,-1.20e+00,-1.16e+00,
839,-1.60e+00,-1.12e+00,-1.08e+00,
840,-1.20e+00,-1.20e+00,-1.16e+00,
841,-1.80e+00,-1.04e+00,-1.12e+00,
842,-1.80e+00,-1.04e+00,-1.16e+00,
843,-1.40e+00,-1.12e+00,-1.12e+00,
844,-1.80e+00,-1.04e+00,-1.16e+00,
845,-1.40e+00,-1.12e+00,-1.12e+00,
846,-1.40e+00,-1.12e+00,-1.12e+00,
847,-2.20e+00,-9.60e-01,-1.20e+00,
848,-2.20e+00,-9.60e-01,-1.12e+00,
849,-1.60e+00,-1.04e+00,-1.24e+00,
850,-1.80e+00,-1.04e+00,-1.24e+00,
851,-2.40e+00,-8.80e-01,-1.12e+00,
852,-2.40e+00,-8.80e-01,-1.16e+00,
853,-1.80e+00,-9.60e-01,-1.24e+00,
854,-2.40e+00,-9.60e-01,-1.24e+00,
855,-2.00e+00,-7.20e-01,-1.16e+00,
856,-2.00e+00,-8.80e-01,-1.24e+00,
857,-2.80e+00,-7.20e-01,-1.16e+00,
858,-2.80e+00,-8.00e-01,-1.24e+00,
859,-2.20e+00,-7.20e-01,-1.16e+00,
860,-2.80e+00,-8.00e-01,-1.24e+00,
861,-2.40e+00,-6.40e-01,-1.16e+00,
862,-3.00e+00,-7.20e-01,-1.16e+00,
863,-2.40e+00,-6.40e-01,-1.24e+00,
864,-3.00e+00,-7.20e-01,-1.24e+00,
865,-2.60e+00,-5.60e-01,-1.16e+00,
866,-2.60e+00,-6.40e-01,-1.24e+00,
867,-3.20e+00,-5.60e-01,-1.16e+00,
868,-2.60e+00,-6.40e-01,-1.24e+00,
869,-3.40e+00,-4.80e-01,-1.16e+00,
870,-3.40e+00,-5.60e-01,-1.12e+00,
871,-2.80e+00,-4.80e-01,-1.24e+00,
872,-2.80e+00,-5.60e-01,-1.16e+00,
873,-3.40e+00,-4.00e-01,-1.12e+00,
874,-3.20e+00,-4.00e-01,-1.16e+00,
875,-3.60e+00,-4.00e-01,-1.12e+00,
876,-3.60e+00,-4.00e-01,-1.16e+00,
877,-3.20e+00,-2.40e-01,-1.12e+00,
878,-3.60e+00,-2.40e-01,-1.16e+00,
879,-3.20e+00,-4.00e-01,-1.16e+00,
880,-3.20e+00,-3.20e-01,-1.16e+00,
881,-4.00e+00,-1.60e-01,-1.08e+00,
882,-4.00e+00,-1.60e-01,-1.16e+00,
883,-3.40e+00,-3.20e-01,-1.08e+00,
884,-4.00e+00,-2.40e-01,-1.16e+00,
885,-3.40e+00,-8.00e-02,-1.08e+00,
886,-3.40e+00,-8.00e-02,-1.08e+00,
887,-4.20e+00,-1.60e-01,-1.12e+00,
888,-4.20e+00,-1.60e-01,-1.12e+00,
889,-3.60e+00,0.00e+00,-1.04e+00,
890,-4.20e+00,-1.60e-01,-1.12e+00,
891,-3.80e+00,0.00e+00,-1.04e+00,
892,-4.20e+00,-8.00e-02,-1.04e+00,
893,-3.80e+00,8.00e-02,-1.08e+00,
894,-3.80e+00,-8.00e-02,-1.04e+00,
895,-4.60e+00,1.60e-01,-1.08e+00,
896,-4.60e+00,8.00e-02,-1.08e+00,
897,-4.00e+00,1.60e-01,-1.00e+00,
898,-4.60e+00,2.40e-01,-1.04e+00,
899,-4.00e+00,8.00e-02,-1.00e+00,
900,-4.60e+00,1.60e-01,-1.04e+00,
901,-4.00e+00,2.40e-01,-9.60e-01,
902,-4.60e+00,1.60e-01,-1.04e+00,
903,-4.00e+00,3.20e-01,-9.60e-01,
904,-4.00e+00,2.40e-01,-9.60e-01,
905,-4.80e+00,4.00e-01,-1.00e+00,
906,-4.80e+00,4.00e-01,-1.00e+00,
907,-4.20e+00,2.40e-01,-8.80e-01,
908,-4.80e+00,4.00e-01,-9.20e-01,
909,-4.40e+00,3.20e-01,-8.80e-01,
910,-4.80e+00,3.20e-01,-9.20e-01,
911,-4.40e+00,4.80e-01,-8.40e-01,
912,-4.80e+00,4.80e-01,-9.20e-01,
913,-4.40e+00,4.00e-01,-8.40e-01,
914,-4.40e+00,4.00e-01,-8.80e-01,
915,-4.80e+00,6.40e-01,-8.00e-01,
916,-4.80e+00,5.60e-01,-8.00e-01,
917,-4.40e+00,6.40e-01,-8.80e-01,
918,-4.80e+00,5.60e-01,-8.40e-01,
919,-4.40e+00,7.20e-01,-7.60e-01,
920,-4.80e+00,6.40e-01,-7.60e-01,
921,-4.40e+00,7.20e-01,-8.00e-01,
922,-4.80e+00,6.40e-01,-8.00e-01,
923,-4.40e+00,8.00e-01,-7.20e-01,
924,-4.80e+00,8.00e-01,-7.20e-01,
925,-4.40e+00,7.20e-01,-7.60e-01,
926,-4.80e+00,7.20e-01,-6.40e-01,
927,-4.40e+00,8.00e-01,-7.60e-01,
928,-4.80e+00,7.20e-01,-6.80e-01,
929,-4.40e+00,8.80e-01,-6.40e-01,
930,-4.40e+00,8.80e-01,-6.00e-01,
931,-4.80e+00,8.00e-01,-6.80e-01,
932,-4.80e+00,8.00e-01,-6.40e-01,
933,-4.40e+00,9.60e-01,-6.00e-01,
934,-4.80e+00,9.60e-01,-6.40e-01,
935,-4.40e+00,8.80e-01,-5.60e-01,
936,-4.80e+00,8.80e-01,-6.00e-01,
937,-4.40e+00,1.04e+00,-5.20e-01,
938,-4.80e+00,9.60e-01,-5.60e-01,
939,-4.40e+00,1.12e+00,-4.80e-01,
940,-4.80e+00,1.12e+00,-5.60e-01,
941,-4.40e+00,1.04e+00,-4.80e-01,
942,-4.80e+00,1.04e+00,-5.20e-01,
943,-4.40e+00,1.20e+00,-4.40e-01,
944,-4.80e+00,1.20e+00,-5.20e-01,
945,-4.40e+00,1.12e+00,-3.60e-01,
946,-4.80e+00,1.12e+00,-3.60e-01,
947,-4.40e+00,1.20e+00,-4.40e-01,
948,-4.80e+00,1.12e+00,-4.00e-01,
949,-4.00e+00,1.28e+00,-3.20e-01,
950,-4.20e+00,1.28e+00,-4.00e-01,
951,-4.80e+00,1.20e+00,-3.20e-01,
952,-4.20e+00,1.28e+00,-3.60e-01,
953,-4.60e+00,1.20e+00,-2.80e-01,
954,-4.60e+00,1.20e+00,-3.20e-01,
955,-4.00e+00,1.36e+00,-2.40e-01,
956,-4.60e+00,1.20e+00,-2.40e-01,
957,-4.00e+00,1.36e+00,-2.80e-01,
958,-4.60e+00,1.36e+00,-2.80e-01,
959,-4.00e+00,1.28e+00,-1.60e-01,
960,-4.60e+00,1.36e+00,-2.00e-01,
961,-3.80e+00,1.28e+00,-1.20e-01,
962,-4.20e+00,1.28e+00,-1.20e-01,
963,-3.80e+00,1.44e+00,-2.00e-01,
964,-4.20e+00,1.44e+00,-1.60e-01,
965,-3.80e+00,1.44e+00,-8.00e-02,
966,-4.20e+00,1.44e+00,-1.20e-01,
967,-3.80e+00,1.36e+00,-4.00e-02,
968,-4.20e+00,1.44e+00,-1.20e-01,
969,-3.60e+00,1.44e+00,-4.00e-02,
970,-3.60e+00,1.44e+00,-8.00e-02,
971,-4.20e+00,1.60e+00,0.00e+00,
972,-4.00e+00,1.60e+00,-4.00e-02,
973,-3.40e+00,1.52e+00,4.00e-02,
974,-3.40e+00,1.52e+00,0.00e+00,
975,-4.00e+00,1.60e+00,8.00e-02,
976,-4.00e+00,1.52e+00,4.00e-02,
977,-3.20e+00,1.60e+00,1.20e-01,
978,-3.60e+00,1.52e+00,8.00e-02,
979,-3.20e+00,1.60e+00,1.60e-01,
980,-3.60e+00,1.52e+00,1.20e-01,
981,-3.20e+00,1.60e+00,1.60e-01,
982,-3.60e+00,1.52e+00,1.20e-01,
983,-3.00e+00,1.68e+00,2.00e-01,
984,-3.40e+00,1.68e+00,1.60e-01,
985,-2.80e+00,1.52e+00,2.40e-01,
986,-3.40e+00,1.60e+00,2.40e-01,
987,-2.80e+00,1.68e+00,1.60e-01,
988,-3.40e+00,1.60e+00,2.00e-01,
989,-2.60e+00,1.68e+00,3.20e-01,
990,-2.60e+00,1.60e+00,2.80e-01,
991,-3.00e+00,1.68e+00,3.60e-01,
992,-3.00e+00,1.68e+00,3.60e-01,
993,-2.60e+00,1.60e+00,2.80e-01,
994,-2.60e+00,1.68e+00,3.20e-01,
995,-3.00e+00,1.60e+00,4.00e-01,
996,-2.80e+00,1.68e+00,3.60e-01,
997,-2.40e+00,1.60e+00,4.40e-01,
998,-2.40e+00,1.68e+00,4.40e-01,
999,-2.80e+00,1.60e+00,3.60e-01,
1000,-2.80e+00,1.60e+00,4.00e-01,
1001,-2.00e+00,1.68e+00,4.80e-01,
1002,-2.40e+00,1.60e+00,4.40e-01,
1003,-2.00e+00,1.68e+00,5.20e-01,
1004,-2.40e+00,1.60e+00,4.40e-01,
1005,-1.80e+00,1.68e+00,5.60e-01,
1006,-2.20e+00,1.60e+00,5.20e-01,
1007,-1.60e+00,1.68e+00,6.00e-01,
1008,-1.80e+00,1.68e+00,5.20e-01,
1009,-2.20e+00,1.60e+00,6.00e-01,
1010,-2.00e+00,1.60e+00,5.60e-01,
1011,-1.40e+00,1.68e+00,6.40e-01,
1012,-1.80e+00,1.60e+00,5.60e-01,
1013,-1.20e+00,1.68e+00,6.40e-01,
1014,-1.80e+00,1.68e+00,6.00e-01,
1015,-1.20e+00,1.52e+00,6.80e-01,
1016,-1.60e+00,1.68e+00,6.80e-01,
1017,-1.20e+00,1.60e+00,6.40e-01,
1018,-1.60e+00,1.52e+00,7.20e-01,
1019,-1.20e+00,1.68e+00,6.40e-01,
1020,-1.20e+00,1.52e+00,7.20e-01,
1021,-8.00e-01,1.68e+00,6.40e-01,
1022,-1.20e+00,1.52e+00,6.80e-01,
1023,-8.00e-01,1.60e+00,7.60e-01,
1024,-1.20e+00,1.52e+00,7.60e-01,
1025,-6.00e-01,1.60e+00,8.00e-01,
1026,-1.00e+00,1.52e+00,7.60e-01,
1027,-6.00e-01,1.60e+00,8.40e-01,
1028,-1.00e+00,1.52e+00,8.00e-01,
1029,-2.00e-01,1.60e+00,8.40e-01,
1030,-6.00e-01,1.52e+00,8.00e-01,
1031,-2.00e-01,1.36e+00,8.80e-01,
1032,-6.00e-01,1.44e+00,8.80e-01,
1033,-2.00e-01,1.44e+00,8.00e-01,
1034,-6.00e-01,1.44e+00,8.40e-01,
1035,0.00e+00,1.44e+00,8.80e-01,
1036,0.00e+00,1.44e+00,8.40e-01,
1037,-4.00e-01,1.36e+00,9.20e-01,
1038,-4.00e-01,1.44e+00,9.20e-01,
1039,4.00e-01,1.28e+00,8.80e-01,
1040,0.00e+00,1.44e+00,8.80e-01,
1041,4.00e-01,1.28e+00,9.60e-01,
1042,0.00e+00,1.36e+00,8.80e-01,
1043,6.00e-01,1.28e+00,9.60e-01,
1044,2.00e-01,1.36e+00,9.60e-01,
1045,6.00e-01,1.28e+00,9.20e-01,
1046,2.00e-01,1.36e+00,9.60e-01,
1047,1.00e+00,1.20e+00,9.20e-01,
1048,6.00e-01,1.20e+00,9.20e-01,
1049,1.00e+00,1.28e+00,1.04e+00,
1050,6.00e-01,1.28e+00,1.00e+00,
1051,1.20e+00,1.20e+00,1.04e+00,
1052,1.20e+00,1.28e+00,1.00e+00,
1053,8.00e-01,1.12e+00,1.04e+00,
1054,8.00e-01,1.20e+00,1.00e+00,
1055,1.60e+00,1.12e+00,1.08e+00,
1056,1.20e+00,1.20e+00,1.00e+00,
1057,1.60e+00,1.12e+00,1.08e+00,
1058,1.00e+00,1.20e+00,1.00e+00,
1059,1.80e+00,1.04e+00,1.08e+00,
1060,1.40e+00,1.04e+00,1.08e+00,
1061,1.80e+00,1.12e+00,1.00e+00,
1062,1.80e+00,1.12e+00,1.04e+00,
1063,1.40e+00,8.80e-01,1.08e+00,
1064,1.40e+00,8.80e-01,1.04e+00,
1065,2.20e+00,1.12e+00,1.08e+00,
1066,2.20e+00,9.60e-01,1.04e+00,
1067,1.60e+00,8.80e-01,1.12e+00,
1068,1.80e+00,9.60e-01,1.04e+00,
1069,2.40e+00,8.00e-01,1.12e+00,
1070,2.00e+00,8.80e-01,1.04e+00,
1071,2.40e+00,8.00e-01,1.12e+00,
1072,2.00e+00,8.80e-01,1.04e+00,
1073,2.40e+00,7.20e-01,1.12e+00,
1074,2.00e+00,7.20e-01,1.04e+00,
1075,2.80e+00,8.00e-01,1.12e+00,
1076,2.40e+00,7.20e-01,1.04e+00,
1077,2.80e+00,8.00e-01,1.12e+00,
1078,2.40e+00,8.00e-01,1.04e+00,
1079,2.80e+00,6.40e-01,1.12e+00,
1080,2.40e+00,6.40e-01,1.04e+00,
1081,3.00e+00,7.20e-01,1.12e+00,
1082,2.60e+00,7.20e-01,1.12e+00,
1083,3.00e+00,5.60e-01,1.04e+00,
1084,2.60e+00,5.60e-01,1.12e+00,
1085,3.40e+00,6.40e-01,1.04e+00,
1086,3.40e+00,6.40e-01,1.04e+00,
1087,2.80e+00,4.00e-01,1.12e+00,
1088,3.40e+00,4.80e-01,1.12e+00,
1089,2.80e+00,4.00e-01,1.04e+00,
1090,3.00e+00,4.80e-01,1.08e+00,
1091,3.60e+00,3.20e-01,1.04e+00,
1092,3.00e+00,4.80e-01,1.08e+00,
1093,3.60e+00,3.20e-01,1.04e+00,
1094,3.60e+00,4.00e-01,1.04e+00,
1095,3.20e+00,2.40e-01,1.08e+00,
1096,3.20e+00,2.40e-01,1.00e+00,
1097,4.00e+00,3.20e-01,1.08e+00,
1098,3.20e+00,3.20e-01,1.00e+00,
1099,4.00e+00,1.60e-01,1.08e+00,
1100,4.00e+00,3.20e-01,1.00e+00,
1101,3.40e+00,1.60e-01,1.08e+00,
1102,4.00e+00,2.40e-01,1.00e+00,
1103,3.40e+00,8.00e-02,1.04e+00,
1104,3.40e+00,2.40e-01,1.00e+00,
1105,4.20e+00,8.00e-02,1.04e+00,
1106,3.60e+00,8.00e-02,1.04e+00,
1107,4.20e+00,1.60e-01,9.20e-01,
1108,4.20e+00,8.00e-02,9.20e-01,
1109,3.80e+00,-8.00e-02,1.00e+00,
1110,4.20e+00,0.00e+00,9.60e-01,
1111,3.80e+00,-8.00e-02,9.20e-01,
1112,3.80e+00,0.00e+00,9.60e-01,
1113,4.40e+00,-1.60e-01,8.80e-01,
1114,3.80e+00,-8.00e-02,8.80e-01,
1115,4.60e+00,-2.40e-01,9.60e-01,
1116,4.60e+00,-2.40e-01,9.20e-01,
1117,4.00e+00,-8.00e-02,8.80e-01,
1118,4.20e+00,-2.40e-01,9.20e-01,
1119,4.60e+00,-1.60e-01,8.40e-01,
1120,4.60e+00,-1.60e-01,8.40e-01,
1121,4.00e+00,-3.20e-01,9.20e-01,
1122,4.60e+00,-3.20e-01,8.40e-01,
1123,4.00e+00,-2.40e-01,8.80e-01,
1124,4.00e+00,-2.40e-01,8.80e-01,
1125,4.60e+00,-4.00e-01,8.00e-01,
1126,4.80e+00,-4.00e-01,8.00e-01,
1127,4.00e+00,-4.80e-01,8.40e-01,
1128,4.00e+00,-4.00e-01,7.60e-01,
1129,4.80e+00,-5.60e-01,8.40e-01,
1130,4.80e+00,-4.80e-01,7.60e-01,
1131,4.20e+00,-5.60e-01,8.40e-01,
1132,4.20e+00,-4.80e-01,8.00e-01,
1133,4.80e+00,-6.40e-01,6.80e-01,
1134,4.80e+00,-6.40e-01,7.60e-01,
1135,4.20e+00,-5.60e-01,6.80e-01,
1136,4.40e+00,-5.60e-01,7.20e-01,
1137,4.80e+00,-7.20e-01,6.40e-01,
1138,4.80e+00,-6.40e-01,6.80e-01,
1139,4.20e+00,-7.20e-01,6.40e-01,
1140,4.80e+00,-6.40e-01,6.80e-01,
1141,4.40e+00,-8.00e-01,6.00e-01,
1142,4.80e+00,-8.00e-01,6.00e-01,
1143,4.40e+00,-7.20e-01,6.40e-01,
1144,4.80e+00,-7.20e-01,6.40e-01,
1145,4.40e+00,-8.80e-01,5.60e-01,
1146,4.40e+00,-8.00e-01,6.00e-01,
1147,4.80e+00,-9.60e-01,5.20e-01,
1148,4.40e+00,-9.60e-01,5.20e-01,
1149,4.80e+00,-8.80e-01,6.00e-01,
1150,4.40e+00,-8.80e-01,5.60e-01,
1151,4.80e+00,-1.04e+00,4.40e-01,
1152,4.80e+00,-9.60e-01,4.40e-01,
1153,4.40e+00,-1.04e+00,5.60e-01,
1154,4.80e+00,-9.60e-01,4.80e-01,
1155,4.40e+00,-1.12e+00,4.00e-01,
1156,4.80e+00,-1.12e+00,4.00e-01,
1157,4.40e+00,-1.04e+00,4.40e-01,
1158,4.40e+00,-1.04e+00,4.40e-01,
1159,4.80e+00,-1.12e+00,3.60e-01,
1160,4.80e+00,-1.04e+00,4.00e-01,
1161,4.20e+00,-1.20e+00,3.20e-01,
1162,4.80e+00,-1.20e+00,3.20e-01,
1163,4.20e+00,-1.12e+00,4.00e-01,
1164,4.80e+00,-1.12e+00,3.60e-01,
1165,4.00e+00,-1.20e+00,2.80e-01,
1166,4.80e+00,-1.12e+00,3.20e-01,
1167,4.00e+00,-1.28e+00,2.00e-01,
1168,4.00e+00,-1.20e+00,2.80e-01,
1169,4.60e+00,-1.28e+00,2.00e-01,
1170,4.60e+00,-1.20e+00,2.40e-01,
1171,4.00e+00,-1.36e+00,1.60e-01,
1172,4.60e+00,-1.28e+00,2.00e-01,
1173,4.00e+00,-1.44e+00,1.20e-01,
1174,4.00e+00,-1.36e+00,2.00e-01,
1175,4.60e+00,-1.44e+00,1.20e-01,
1176,4.60e+00,-1.36e+00,1.60e-01,
1177,3.80e+00,-1.44e+00,8.00e-02,
1178,3.80e+00,-1.36e+00,1.20e-01,
1179,4.60e+00,-1.52e+00,4.00e-02,
1180,3.80e+00,-1.44e+00,4.00e-02,
1181,4.20e+00,-1.52e+00,1.20e-01,
1182,4.20e+00,-1.52e+00,8.00e-02,
1183,3.80e+00,-1.44e+00,-4.00e-02,
1184,4.20e+00,-1.44e+00,0.00e+00,
1185,3.60e+00,-1.52e+00,-8.00e-02,
1186,4.20e+00,-1.44e+00,-8.00e-02,
1187,3.60e+00,-1.60e+00,0.00e+00,
1188,4.00e+00,-1.52e+00,-4.00e-02,
1189,3.40e+00,-1.60e+00,-1.20e-01,
1190,3.40e+00,-1.52e+00,-8.00e-02,
1191,4.00e+00,-1.60e+00,-1.60e-01,
1192,4.00e+00,-1.60e+00,-1.60e-01,
1193,3.20e+00,-1.52e+00,-8.00e-02,
1194,3.60e+00,-1.60e+00,-1.20e-01,
1195,3.20e+00,-1.52e+00,-2.00e-01,
1196,3.60e+00,-1.52e+00,-1.60e-01,
1197,3.20e+00,-1.68e+00,-2.80e-01,
1198,3.60e+00,-1.68e+00,-2.80e-01,
1199,3.20e+00,-1.52e+00,-1.60e-01,
